{
    "indexingMode": "consistent",
    "automatic": true,
    "includedPaths": [
        {
            "path": "/type/?",
            "indexes": [
                {
                    "kind": "Range",
                    "dataType": "String",
                    "precision": -1
                }
            ]
        },
        {
            "path": "/deviceId/?",
            "indexes": [
                {
                    "kind": "Range",
                    "dataType": "String",
                    "precision": -1
                }
            ]
        },
        {
            "path": "/createdAt/?",
            "indexes": [
                {
                    "kind": "Range",
                    "dataType": "String",
                    "precision": -1
                }
            ]
        }
    ],
    "excludedPaths": [
        {
            "path": "/*"
        }
    ]
}
