{
  "$schema": "https://schema.management.azure.com/schemas/2015-01-01/deploymentTemplate.json#",
  "contentVersion": "1.0.0.0",
  "parameters": {
    "storageAccountName": {
      "type": "string",
      "metadata": {
        "description": "Storage Account Name"
      }
    },
    "fileShareName": {
      "type": "string",
      "metadata": {
        "description": "Name of existing file share to be mounted"
      }
    },
    "eventHubNamespace": {
      "type": "string",
      "metadata": {
        "description": "Event Hub namespace"
      }
    },
    "eventHubName": {
      "type": "string",
      "metadata": {
        "description": "Event Hub name"
      }
    },
    "eventHubKey": {
      "type": "securestring",
      "metadata": {
        "description": "Event Hub key"
      }
    },
    "duplicateEveryNEvents": {
      "type": "int",
      "metadata": {
        "description": "Generate duplicate events for every N event on average (randomly selected), if >0"
      },
      "defaultValue": 0
    },
    "numberOfInstances": {
      "type": "int",
      "metadata": {
        "description": "Number of instances of Container Group to deploy"
      }
    },
    "location": {
      "type": "string",
      "defaultValue": "[resourceGroup().location]",
      "metadata": {
        "description": "Location for all resources."
      }
    }
  },
  "variables": {
    "image": "yorek/locustio",
    "cpuCores": "1",
    "masterMemoryInGb": "2",
    "clientMemoryInGb": "1",
    "masterContainerGroupName": "locust-master",
    "clientContainerGroupNamePrefix": "locust-",
    "containerName": "locust",
    "storageAccountId": "[resourceId('Microsoft.Storage/storageAccounts', parameters('storageAccountName'))]"
  },
  "resources": [
    {
      "type": "Microsoft.ContainerInstance/containerGroups",
      "name": "[variables('masterContainerGroupName')]",
      "apiVersion": "2018-10-01",
      "location": "[parameters('location')]",
      "properties": {
        "containers": [
          {
            "name": "[variables('containerName')]",
            "properties": {
              "image": "[variables('image')]",
              "environmentVariables": [
                {
                  "name": "EVENTHUB_KEY",
                  "secureValue": "[parameters('eventHubKey')]"
                },
                {
                  "name": "EVENTHUB_NAMESPACE",
                  "value": "[parameters('eventHubNamespace')]"
                },
                {
                  "name": "EVENTHUB_NAME",
                  "value": "[parameters('eventHubName')]"
                },
                {
                  "name": "DUPLICATE_EVERY_N_EVENTS",
                  "value": "[parameters('duplicateEveryNEvents')]"
                }
              ],
              "resources": {
                "requests": {
                  "cpu": "[variables('cpuCores')]",
                  "memoryInGb": "[variables('masterMemoryInGb')]"
                }
              },
              "ports": [
                {
                  "port": 8089
                },
                {
                  "port": 5557
                },
                {
                  "port": 5558
                }
              ],
              "command": [
                "locust",
                "--master",
                "--expect-slaves",
                "[parameters('numberOfInstances')]",
                "--host",
                "[concat('https://', parameters('eventHubNamespace'), '.servicebus.windows.net')]",
                "-f",
                "simulator.py"
              ],
              "volumeMounts": [
                {
                  "mountPath": "/locust",
                  "name": "locust"
                }
              ]
            }
          }
        ],
        "ipAddress": {
          "type": "Public",
          "ports": [
            {
              "port": 8089
                },
                {
                  "port": 5557
                },
                {
                  "port": 5558
            }
          ]
        },
        "osType": "Linux",
        "restartPolicy": "OnFailure",
        "volumes": [
          {
            "name": "locust",
            "azureFile": {
              "shareName": "[parameters('fileShareName')]",
              "storageAccountName": "[parameters('storageAccountName')]",
              "storageAccountKey": "[listKeys(variables('storageAccountId'),'2018-02-01').keys[0].value]"
            }
          }
        ]
      }
    },
    {
      "type": "Microsoft.ContainerInstance/containerGroups",
      "name": "[format('{0}{1:D3}', variables('clientContainerGroupNamePrefix'), copyIndex())]",
      "apiVersion": "2018-10-01",
 "dependsOn": [
    "[resourceId('Microsoft.ContainerInstance/containerGroups', variables('masterContainerGroupName'))]"
  ],
      "location": "[parameters('location')]",
      "properties": {
        "containers": [
          {
            "name": "[variables('containerName')]",
            "properties": {
              "image": "[variables('image')]",
              "environmentVariables": [
                {
                  "name": "EVENTHUB_KEY",
                  "secureValue": "[parameters('eventHubKey')]"
                },
                {
                  "name": "EVENTHUB_NAMESPACE",
                  "value": "[parameters('eventHubNamespace')]"
                },
                {
                  "name": "EVENTHUB_NAME",
                  "value": "[parameters('eventHubName')]"
                },
                {
                  "name": "DUPLICATE_EVERY_N_EVENTS",
                  "value": "[parameters('duplicateEveryNEvents')]"
                }
              ],
              "resources": {
                "requests": {
                  "cpu": "[variables('cpuCores')]",
                  "memoryInGb": "[variables('clientMemoryInGb')]"
                }
              },
              "ports": [
                {
                  "port": 8089
                },
                {
                  "port": 5557
                },
                {
                  "port": 5558
                }
              ],
              "command": [
                "locust",
                "--slave",
                "--master-host",
                "[reference(resourceId('Microsoft.ContainerInstance/containerGroups', variables('masterContainerGroupName'))).ipAddress.ip]",
                "--host",
                "[concat('https://', parameters('eventHubNamespace'), '.servicebus.windows.net')]",
                "-f",
                "simulator.py"
              ],
              "volumeMounts": [
                {
                  "mountPath": "/locust",
                  "name": "locust"
                }
              ]
            }
          }
        ],
        "osType": "Linux",
        "restartPolicy": "OnFailure",
        "volumes": [
          {
            "name": "locust",
            "azureFile": {
              "shareName": "[parameters('fileShareName')]",
              "storageAccountName": "[parameters('storageAccountName')]",
              "storageAccountKey": "[listKeys(variables('storageAccountId'),'2018-02-01').keys[0].value]"
            }
          }
        ]
      },
      "copy": {
        "name": "ContainerGroupCopy",
        "count": "[parameters('numberOfInstances')]"
      }
    }
  ],
  "outputs": {
    "locustMonitor": {
      "type": "string",
      "value": "[concat('http://', reference(resourceId('Microsoft.ContainerInstance/containerGroups/', variables('masterContainerGroupName'))).ipAddress.ip, ':8089')]"

    }
  }
}
