{
    "$schema": "https://schema.management.azure.com/schemas/2015-01-01/deploymentTemplate.json#",
    "contentVersion": "1.0.0.0",
    "parameters": {
        "location": {
            "defaultValue": "[resourceGroup().location]",
            "type": "string"
        },
        "workspaceName": {
            "type": "string"
        },
        "tier": {
            "defaultValue": "premium",
            "type": "string"
        }
    },
    "resources": [
        {
            "apiVersion": "2018-04-01",
            "location": "[parameters('location')]",
            "name": "[parameters('workspaceName')]",
            "sku": {
                "name": "[parameters('tier')]"
            },
            "comments": "Please do not use an existing resource group for ManagedResourceGroupId.",
            "properties": {
                "ManagedResourceGroupId": "[variables('managedResourceGroupId')]"
            },
            "type": "Microsoft.Databricks/workspaces"
        }
    ],
    "variables": {
        "managedResourceGroupId": "[concat(subscription().id, '/resourceGroups/', variables('managedResourceGroupName'))]",
        "managedResourceGroupName": "[concat('databricks-rg-', parameters('workspaceName'), '-', uniqueString(parameters('workspaceName'), resourceGroup().id))]"
    }
}
