{
    "$schema": "https://schema.management.azure.com/schemas/2015-01-01/deploymentTemplate.json#",
    "contentVersion": "1.0.0.0",
    "parameters": {
      "ServerName": {
        "type": "string"
      },
      "DatabaseName": {
        "type": "string"
      },
      "AdminLogin": {
        "type": "string",
        "minLength": 2,
        "defaultValue": "serveradmin"
      },
      "AdminLoginPassword": {
        "type": "securestring"
      },
      "DacPacPath": {
        "type": "string"
      },
      "DacPacContainerSAS": {
        "type": "securestring"
      },
      "Location": {
        "type": "string",
        "defaultValue": "[resourceGroup().location]"
      },
      "SKU": {
        "type": "string"
      }
    },
    "variables": {},
    "resources": [
      {
        "name": "[parameters('ServerName')]",
        "type": "Microsoft.Sql/servers",
        "location": "[parameters('Location')]",
        "apiVersion": "2014-04-01-preview",
        "dependsOn": [],
        "properties": {
          "administratorLogin": "[parameters('AdminLogin')]",
          "administratorLoginPassword": "[parameters('AdminLoginPassword')]"
        },
        "resources": [
          {
            "name": "AllowAllAzure",
            "type": "firewallrules",
            "apiVersion": "2014-04-01-preview",
            "location": "[parameters('Location')]",
            "dependsOn": [
              "[resourceId('Microsoft.Sql/servers', parameters('ServerName'))]"
            ],
            "properties": {
              "startIpAddress": "0.0.0.0",
              "endIpAddress": "0.0.0.0"
            }
          },               
          {
            "name": "[parameters('DatabaseName')]",
            "type": "databases",
            "location": "[parameters('Location')]",
            "apiVersion": "2017-10-01-preview",
            "dependsOn": [
              "[resourceId('Microsoft.Sql/servers', parameters('ServerName'))]"
            ],
            "properties": {
              "collation": "SQL_Latin1_General_CP1_CI_AS",
              "maxSizeBytes": "107374182400"
            },
            "sku": {
              "name": "[parameters('SKU')]"
            },
            "resources": [
              {
                "name": "Import",
                "type": "extensions",
                "apiVersion": "2014-04-01-preview",
                "dependsOn": [
                  "[concat('Microsoft.Sql/servers/', parameters('ServerName'), '/databases/', parameters('DatabaseName'))]"
                ],
                "properties": {
                  "storageKeyType": "SharedAccessKey",
                  "storageKey": "[parameters('DacPacContainerSAS')]",
                  "storageUri": "[parameters('DacPacPath')]",
                  "administratorLogin": "[parameters('AdminLogin')]",
                  "administratorLoginPassword": "[parameters('AdminLoginPassword')]",
                  "operationMode": "Import",
                  "authenticationType": "SQL"
                }
              }
            ]
          }
        ]
      }
    ]
  }